key,key:userAccount,firm,professionalID,certifications
auditor-01,user-account-auditor-01,Audit Experts LLC,AE789,"CISA, CRISC"
auditor-02,user-account-auditor-02,"Lorem ipsum dolor sit amet, consectetuer adipiscing elit. Aenean commodo li",GAG567,"CPA, CIA"
auditor-03,user-account-auditor-01,"Lorem ipsum dolor sit amet, consectetuer adipiscing elit. Aenean commodo l",AE789,"CISA, CRISC"
auditor-04,user-account-auditor-02,or 'A' = A' ,AE789,"CPA, CIA"
auditor-05,user-account-auditor-01,"<script>console.log(""hacked"")</script>",AE789,"CIA, CISA"
auditor-06,user-account-auditor-02,плоский текст,NGA202,"CISA, CRISC"
auditor-07,user-account-auditor-01,平面テキスト,EAE303,"CPA, CIA"
auditor-08,user-account-auditor-02,Audit Experts LLC,Lorem ipsum dolor sit ame,"CISA, CRISC"
auditor-09,user-account-auditor-01,Audit Experts LLC,Lorem ipsum dolor sit am,"CPA, CIA"
auditor-10,user-account-auditor-02,Audit Experts LLC,or 'A' = A' ,"CIA, CISA"
auditor-11,user-account-auditor-01,Audit Experts LLC,<script></script>,"CISA, CRISC"
auditor-12,user-account-auditor-02,Audit Experts LLC,плоский текст,"CPA, CIA"
auditor-13,user-account-auditor-01,Audit Experts LLC,平面テキスト,"CISA, CRISC"
auditor-14,user-account-auditor-02,Audit Experts LLC,AE789,"Lorem ipsum dolor sit amet, consectetuer adipiscing elit. Aenean commodo ligula eget dolor. Aenean m"
auditor-15,user-account-auditor-01,Audit Experts LLC,GAG567,"Lorem ipsum dolor sit amet, consectetuer adipiscing elit. Aenean commodo ligula eget dolor. Aeneanm"
auditor-16,user-account-auditor-02,Audit Experts LLC,AE789,or 'A' = A' 
auditor-17,user-account-auditor-01,Audit Experts LLC,AE789,"<script>console.log(""hacked"")</script>"
auditor-18,user-account-auditor-02,Audit Experts LLC,AE789,плоский текст
auditor-19,user-account-auditor-01,Audit Experts LLC,AE790,平面テキスト
auditor-20,user-account-auditor-02,Audit Experts LLC,AE791,"CPA, CIA"
auditor-21,user-account-auditor-01,Audit Experts LLC,AE792,"CPA, CIA"
auditor-22,user-account-auditor-02,Audit Experts LLC,AE793,"CPA, CIA"
auditor-23,user-account-auditor-01,Audit Experts LLC,AE794,"CIA, CISA"
auditor-24,user-account-auditor-02,Audit Experts LLC,AE795,"CISA, CRISC"