key,code,instantiation-moment,heading,description,department,email-address,link
claim-01,"C-0001",2010/01/01 00:00,"claim heading","claim description","claim department","pabcabmar3@gmail.com","https://www.google.com"
claim-02,"C-0002",2000/01/01 00:00,"claim heading","claim description","claim department","pabcabmar3@gmail.com","https://www.google.com"
claim-03,"C-0003",2000/01/01 00:01,"claim heading","claim description","claim department","pabcabmar3@gmail.com","https://www.google.com"
claim-04,"C-0004",2010/01/01 00:00,"claim heading","claim description","claim department","pabcabmar3@gmail.com","https://www.google.com"
claim-05,"C-0005",2010/01/01 00:00,"claim heading","claim description","claim department","pabcabmar3@gmail.com","https://www.google.com"
claim-06,"C-0006",2022/07/29 23:59,"claim heading","claim description","claim department","pabcabmar3@gmail.com","https://www.google.com"
claim-07,"C-0007",2022/07/30 00:00,"claim heading","claim description","claim department","pabcabmar3@gmail.com","https://www.google.com"
claim-08,"C-0008",2010/01/01 00:00,"c","claim description","claim department","pabcabmar3@gmail.com","https://www.google.com"
claim-09,"C-0009",2010/01/01 00:00,"cl","claim description","claim department","pabcabmar3@gmail.com","https://www.google.com"
claim-10,"C-0010",2010/01/01 00:00,"claim heading","claim description","claim department","pabcabmar3@gmail.com","https://www.google.com"
claim-11,"C-0011",2010/01/01 00:00,"krqjexNzyKphGtjBFMkbQrWBRzrmJpWpPynuUKGdkNnHRnxQVRYnSyvXdedgQUFjRzLSyNTFti","claim description","claim department","pabcabmar3@gmail.com","https://www.google.com"
claim-12,"C-0012",2010/01/01 00:00,"krqjexNzyKphGtjBFMkbQrWBRzrmJpWpPynuUKGdkNnHRnxQVRYnSyvXdedgQUFjRzLSyNTFtiD","claim description","claim department","pabcabmar3@gmail.com","https://www.google.com"
claim-13,"C-0013",2010/01/01 00:00,"サンプルテキスト","claim description","claim department","pabcabmar3@gmail.com","https://www.google.com"
claim-14,"C-0014",2010/01/01 00:00,"требовать","claim description","claim department","pabcabmar3@gmail.com","https://www.google.com"
claim-15,"C-0015",2010/01/01 00:00,"<script>console.log('javascript')</script>","claim description","claim department","pabcabmar3@gmail.com","https://www.google.com"
claim-16,"C-0016",2010/01/01 00:00,"'or 'A'='A","claim description","claim department","pabcabmar3@gmail.com","https://www.google.com"
claim-17,"C-0017",2010/01/01 00:00,"claim heading","c","claim department","pabcabmar3@gmail.com","https://www.google.com"
claim-18,"C-0018",2010/01/01 00:00,"claim heading","cl","claim department","pabcabmar3@gmail.com","https://www.google.com"
claim-19,"C-0019",2010/01/01 00:00,"claim heading","claim description","claim department","pabcabmar3@gmail.com","https://www.google.com"
claim-20,"C-0020",2010/01/01 00:00,"claim heading","knazYNDAiyABDBCnGWKBpvizvXLyQbaWkXqZifkDhTJLHSEkLkZxcafAZLQgFywhjEbWbDxLJSxnwGNFDbaxjCmcWQYCJqakYnX","claim department","pabcabmar3@gmail.com","https://www.google.com"
claim-21,"C-0021",2010/01/01 00:00,"claim heading","knazYNDAiyABDBCnGWKBpvizvXLyQbaWkXqZifkDhTJLHSEkLkZxcafAZLQgFywhjEbWbDxLJSxnwGNFDbaxjCmcWQYCJqakYnXd","claim department","pabcabmar3@gmail.com","https://www.google.com"
claim-22,"C-0022",2010/01/01 00:00,"claim heading","サンプルテキスト","claim department","pabcabmar3@gmail.com","https://www.google.com"
claim-23,"C-0023",2010/01/01 00:00,"claim heading","требовать","claim department","pabcabmar3@gmail.com","https://www.google.com"
claim-24,"C-0024",2010/01/01 00:00,"claim heading","<script>console.log('javascript')</script>","claim department","pabcabmar3@gmail.com","https://www.google.com"
claim-25,"C-0025",2010/01/01 00:00,"claim heading","'or 'A'='A","claim department","pabcabmar3@gmail.com","https://www.google.com"
claim-26,"C-0026",2010/01/01 00:00,"claim heading","claim description","c","pabcabmar3@gmail.com","https://www.google.com"
claim-27,"C-0027",2010/01/01 00:00,"claim heading","claim description","cl","pabcabmar3@gmail.com","https://www.google.com"
claim-28,"C-0028",2010/01/01 00:00,"claim heading","claim description","claim department","pabcabmar3@gmail.com","https://www.google.com"
claim-29,"C-0029",2010/01/01 00:00,"claim heading","claim description","knazYNDAiyABDBCnGWKBpvizvXLyQbaWkXqZifkDhTJLHSEkLkZxcafAZLQgFywhjEbWbDxLJSxnwGNFDbaxjCmcWQYCJqakYnX","pabcabmar3@gmail.com","https://www.google.com"
claim-30,"C-0030",2010/01/01 00:00,"claim heading","claim description","knazYNDAiyABDBCnGWKBpvizvXLyQbaWkXqZifkDhTJLHSEkLkZxcafAZLQgFywhjEbWbDxLJSxnwGNFDbaxjCmcWQYCJqakYnXd","pabcabmar3@gmail.com","https://www.google.com"
claim-31,"C-0031",2010/01/01 00:00,"claim heading","claim description","サンプルテキスト","pabcabmar3@gmail.com","https://www.google.com"
claim-32,"C-0032",2010/01/01 00:00,"claim heading","claim description","требовать","pabcabmar3@gmail.com","https://www.google.com"
claim-33,"C-0033",2010/01/01 00:00,"claim heading","claim description","<script>console.log('javascript')</script>","pabcabmar3@gmail.com","https://www.google.com"
claim-34,"C-0034",2010/01/01 00:00,"claim heading","claim description","'or 'A'='A","pabcabmar3@gmail.com","https://www.google.com"
claim-35,"C-0035",2010/01/01 00:00,"claim heading","claim description","claim department","p@gmail.com","https://www.google.com"
claim-36,"C-0036",2010/01/01 00:00,"claim heading","claim description","claim department","pa@gmail.com","https://www.google.com"
claim-37,"C-0037",2010/01/01 00:00,"claim heading","claim description","claim department","pabcabmar3@gmail.com","https://www.google.com"
claim-38,"C-0038",2010/01/01 00:00,"claim heading","claim description","claim department","qxzbMcvPcfLGjpPDfLREzEKJYBPSNcGwnBEHCVFMQkfkYxYDBFmbucYyKaYirNt@gmail.com","https://www.google.com"
claim-39,"C-0039",2010/01/01 00:00,"claim heading","claim description","claim department","qxzbMcvPcfLGjpPDfLREzEKJYBPSNcGwnBEHCVFMQkfkYxYDBFmbucYyKaYirNtj@gmail.com","https://www.google.com"
claim-40,"C-0040",2010/01/01 00:00,"claim heading","claim description","claim department","サンプルテキスト@gmail.com","https://www.google.com"
claim-41,"C-0041",2010/01/01 00:00,"claim heading","claim description","claim department","требовать@gmail.com","https://www.google.com"
claim-42,"C-0042",2010/01/01 00:00,"claim heading","claim description","claim department",,"https://www.google.com"
claim-43,"C-0043",2010/01/01 00:00,"claim heading","claim description","claim department","pabcabmar3@gmail.com","https://www.g.com"
claim-44,"C-0044",2010/01/01 00:00,"claim heading","claim description","claim department","pabcabmar3@gmail.com","https://www.go.com"
claim-45,"C-0045",2010/01/01 00:00,"claim heading","claim description","claim department","pabcabmar3@gmail.com","https://www.google.com"
claim-46,"C-0046",2010/01/01 00:00,"claim heading","claim description","claim department","pabcabmar3@gmail.com","https://www.fzkPWQdvCzbEVjbJmKmUdcRPExDfEDdFfFYtmdeRCutDttRmhHktmNPntKqzZhMNuaYcMvnPbuBdVSKTtHhMdDMBkHdeqkZQZMptMDDXtYcXDkABgTBLVtRWgzgWVXrBfiBaNYyhFTuCrUnuhYGWuGtBPnNtGJmDcWcUScRcHLKCeTcVDPqqAWRUSAhWGgZchjbiBrcbiUZDypbUaYHzHeVVZzYRPNNubwGcNSwTrStZcZ.com"
claim-47,"C-0047",2010/01/01 00:00,"claim heading","claim description","claim department","pabcabmar3@gmail.com","https://www.fzkPWQdvCzbEVjbJmKmUdcRPExDfEDdFfFYtmdeRCutDttRmhHktmNPntKqzZhMNuaYcMvnPbuBdVSKTtHhMdDMBkHdeqkZQZMptMDDXtYcXDkABgTBLVtRWgzgWVXrBfiBaNYyhFTuCrUnuhYGWuGtBPnNtGJmDcWcUScRcHLKCeTcVDPqqAWRUSAhWGgZchjbiBrcbiUZDypbUaYHzHeVVZzYRPNNubwGcNSwTrStZcZY.com"
claim-48,"C-0048",2010/01/01 00:00,"claim heading","claim description","claim department","pabcabmar3@gmail.com","https://www.サンプルテキスト.com"
claim-49,"C-0049",2010/01/01 00:00,"claim heading","claim description","claim department","pabcabmar3@gmail.com","https://www.требовать.com"
claim-50,"C-0050",2010/01/01 00:00,"claim heading","claim description","claim department","pabcabmar3@gmail.com","https://www.google.com?"
claim-51,"C-0051",2010/01/01 00:00,"claim heading","claim description","claim department","pabcabmar3@gmail.com","https://www.google.com?a&b"
claim-52,"C-0052",2010/01/01 00:00,"claim heading","claim description","claim department","pabcabmar3@gmail.com",https://www.lorem-ipsum.org
claim-53,"C-0053",2010/01/01 00:00,"claim heading","claim description","claim department","pabcabmar3@gmail.com",ftp://www.lorem-ipsum.org
claim-54,"C-0054",2010/01/01 00:00,"claim heading","claim description","claim department","pabcabmar3@gmail.com",http://www.lorem-ipsum.org/dolor/sit.html
claim-55,"C-0055",2010/01/01 00:00,"claim heading","claim description","claim department","pabcabmar3@gmail.com",http://www.lorem-ipsum.org/dolor/sit.html#dolor
claim-56,"C-0056",2010/01/01 00:00,"claim heading","claim description","claim department","pabcabmar3@gmail.com",http://example.org?a=1&b=2
claim-57,"C-0057",2010/01/01 00:00,"claim heading","claim description","claim department","pabcabmar3@gmail.com",http://example.org?a
claim-58,"C-0058",2010/01/01 00:00,"claim heading","claim description","claim department","pabcabmar3@gmail.com",http://example.org/
claim-59,"C-0059",2010/01/01 00:00,"claim heading","claim description","claim department","pabcabmar3@gmail.com",http://example.org/a
claim-60,"C-0060",2010/01/01 00:00,"claim heading","claim description","claim department","pabcabmar3@gmail.com",http://example.org/a/b
claim-61,"C-0061",2010/01/01 00:00,"claim heading","claim description","claim department","pabcabmar3@gmail.com",http://example.org/a/b?
claim-62,"C-0062",2010/01/01 00:00,"claim heading","claim description","claim department","pabcabmar3@gmail.com",http://example.org/a/b?a&b