key,code,key:sponsorship,registration-time,due-date,quantity,tax,link
invoice-01,IN-0001-0001,sponsorship-01,2010/01/01 00:00,2010/03/01 00:00,"USD 50,000.00",0.20,https://www.google.com
invoice-02,IN-0002-0001,sponsorship-01,2010/01/01 00:00,2010/03/01 00:00,"USD 50,000.00",0.20,https://www.google.com
invoice-03,IN-5555-0001,sponsorship-01,2010/01/01 00:00,2010/03/01 00:00,"USD 50,000.00",0.20,https://www.google.com
invoice-04,IN-9999-0001,sponsorship-01,2010/01/01 00:00,2010/03/01 00:00,"USD 50,000.00",0.20,https://www.google.com
invoice-05,IN-0001-0002,sponsorship-02,2010/01/01 00:00,2010/03/01 00:00,"USD 50,000.00",0.20,https://www.google.com
invoice-06,IN-0001-5555,sponsorship-03,2010/01/01 00:00,2010/03/01 00:00,"USD 50,000.00",0.20,https://www.google.com
invoice-07,IN-0001-9999,sponsorship-04,2010/01/01 00:00,2010/03/01 00:00,"USD 50,000.00",0.20,https://www.google.com
invoice-08,IN-9999-9999,sponsorship-05,2010/01/01 00:00,2010/03/01 00:00,"USD 50,000.00",0.20,https://www.google.com
invoice-09,IN-0001-0009,sponsorship-06,2000/01/01 00:00,2010/03/01 00:00,"USD 50,000.00",0.20,https://www.google.com
invoice-10,IN-0001-0010,sponsorship-07,2000/01/01 00:01,2010/03/01 00:00,"USD 50,000.00",0.20,https://www.google.com
invoice-11,IN-0001-0011,sponsorship-08,2010/01/01 00:00,2010/03/01 00:00,"USD 50,000.00",0.20,https://www.google.com
invoice-12,IN-0001-0012,sponsorship-09,2022/07/29 23:59,2022/09/01 00:00,"USD 50,000.00",0.20,https://www.google.com
invoice-13,IN-0001-0013,sponsorship-10,2022/07/30 00:00,2022/09/01 00:00,"USD 50,000.00",0.20,https://www.google.com
invoice-14,IN-0001-0014,sponsorship-11,2010/01/01 00:00,2010/02/01 00:00,"USD 50,000.00",0.20,https://www.google.com
invoice-15,IN-0001-0015,sponsorship-12,2010/01/01 00:00,2010/02/01 00:01,"USD 50,000.00",0.20,https://www.google.com
invoice-16,IN-0001-0016,sponsorship-13,2010/01/01 00:00,2022/05/01 00:00,"USD 50,000.00",0.20,https://www.google.com
invoice-17,IN-0001-0017,sponsorship-14,2010/01/01 00:00,2022/09/01 00:00,"USD 50,000.00",0.20,https://www.google.com
invoice-18,IN-0001-0018,sponsorship-15,2010/01/01 00:00,2010/03/01 00:00,"USD 0.01",0.20,https://www.google.com
invoice-19,IN-0001-0019,sponsorship-16,2010/01/01 00:00,2010/03/01 00:00,"USD 0.02",0.20,https://www.google.com
invoice-20,IN-0001-0020,sponsorship-17,2010/01/01 00:00,2010/03/01 00:00,"USD 50,000.00",0.20,https://www.google.com
invoice-21,IN-0001-0021,sponsorship-18,2010/01/01 00:00,2010/03/01 00:00,"USD 999,999.99",0.20,https://www.google.com
invoice-22,IN-0001-0022,sponsorship-19,2010/01/01 00:00,2010/03/01 00:00,"USD 1,000,000.00",0.20,https://www.google.com
invoice-23,IN-0001-0023,sponsorship-20,2010/01/01 00:00,2010/03/01 00:00,"USD 50,000.00",0.00,https://www.google.com
invoice-24,IN-0001-0024,sponsorship-21,2010/01/01 00:00,2010/03/01 00:00,"USD 50,000.00",0.01,https://www.google.com
invoice-25,IN-0001-0025,sponsorship-22,2010/01/01 00:00,2010/03/01 00:00,"USD 50,000.00",0.20,https://www.google.com
invoice-26,IN-0001-0026,sponsorship-23,2010/01/01 00:00,2010/03/01 00:00,"USD 50,000.00",0.99,https://www.google.com
invoice-27,IN-0001-0027,sponsorship-24,2010/01/01 00:00,2010/03/01 00:00,"USD 50,000.00",1.00,https://www.google.com
invoice-28,IN-0001-0028,sponsorship-25,2010/01/01 00:00,2010/03/01 00:00,"USD 50,000.00",5.00,https://www.google.com
invoice-29,IN-0001-0029,sponsorship-26,2010/01/01 00:00,2010/03/01 00:00,"USD 50,000.00",0.20,https://www.g.com
invoice-30,IN-0001-0030,sponsorship-27,2010/01/01 00:00,2010/03/01 00:00,"USD 50,000.00",0.20,https://www.go.com
invoice-31,IN-0001-0031,sponsorship-28,2010/01/01 00:00,2010/03/01 00:00,"USD 50,000.00",0.20,https://www.google.com
invoice-32,IN-0001-0032,sponsorship-29,2010/01/01 00:00,2010/03/01 00:00,"USD 50,000.00",0.20,https://www.fzkPWQdvCzbEVjbJmKmUdcRPExDfEDdFfFYtmdeRCutDttRmhHktmNPntKqzZhMNuaYcMvnPbuBdVSKTtHhMdDMBkHdeqkZQZMptMDDXtYcXDkABgTBLVtRWgzgWVXrBfiBaNYyhFTuCrUnuhYGWuGtBPnNtGJmDcWcUScRcHLKCeTcVDPqqAWRUSAhWGgZchjbiBrcbiUZDypbUaYHzHeVVZzYRPNNubwGcNSwTrStZcZ.com
invoice-33,IN-0001-0033,sponsorship-30,2010/01/01 00:00,2010/03/01 00:00,"USD 50,000.00",0.20,https://www.fzkPWQdvCzbEVjbJmKmUdcRPExDfEDdFfFYtmdeRCutDttRmhHktmNPntKqzZhMNuaYcMvnPbuBdVSKTtHhMdDMBkHdeqkZQZMptMDDXtYcXDkABgTBLVtRWgzgWVXrBfiBaNYyhFTuCrUnuhYGWuGtBPnNtGJmDcWcUScRcHLKCeTcVDPqqAWRUSAhWGgZchjbiBrcbiUZDypbUaYHzHeVVZzYRPNNubwGcNSwTrStZcZY.com
invoice-34,IN-0001-0034,sponsorship-31,2010/01/01 00:00,2010/03/01 00:00,"USD 50,000.00",0.20,https://www.サンプルテキスト.com
invoice-35,IN-0001-0035,sponsorship-32,2010/01/01 00:00,2010/03/01 00:00,"USD 50,000.00",0.20,https://www.требовать.com
invoice-36,IN-0001-0036,sponsorship-33,2010/01/01 00:00,2010/03/01 00:00,"USD 50,000.00",0.20,https://www.google.com?
invoice-37,IN-0001-0037,sponsorship-34,2010/01/01 00:00,2010/03/01 00:00,"USD 50,000.00",0.20,https://www.google.com?a&b
invoice-38,IN-0001-0038,sponsorship-35,2010/01/01 00:00,2010/03/01 00:00,"USD 50,000.00",0.20,https://www.lorem-ipsum.org
invoice-39,IN-0001-0039,sponsorship-36,2010/01/01 00:00,2010/03/01 00:00,"USD 50,000.00",0.20,ftp://www.lorem-ipsum.org
invoice-40,IN-0001-0040,sponsorship-37,2010/01/01 00:00,2010/03/01 00:00,"USD 50,000.00",0.20,http://www.lorem-ipsum.org/dolor/sit.html
invoice-41,IN-0001-0041,sponsorship-38,2010/01/01 00:00,2010/03/01 00:00,"USD 50,000.00",0.20,http://www.lorem-ipsum.org/dolor/sit.html#dolor
invoice-42,IN-0001-0042,sponsorship-39,2010/01/01 00:00,2010/03/01 00:00,"USD 50,000.00",0.20,http://example.org?a=1&b=2
invoice-43,IN-0001-0043,sponsorship-40,2010/01/01 00:00,2010/03/01 00:00,"USD 50,000.00",0.20,http://example.org?a
invoice-44,IN-0001-0044,sponsorship-41,2010/01/01 00:00,2010/03/01 00:00,"USD 50,000.00",0.20,http://example.org/
invoice-45,IN-0001-0045,sponsorship-42,2010/01/01 00:00,2010/03/01 00:00,"USD 50,000.00",0.20,http://example.org/a
invoice-46,IN-0001-0046,sponsorship-43,2010/01/01 00:00,2010/03/01 00:00,"USD 50,000.00",0.20,http://example.org/a/b
invoice-47,IN-0001-0047,sponsorship-44,2010/01/01 00:00,2010/03/01 00:00,"USD 50,000.00",0.20,http://example.org/a/b?
invoice-48,IN-0001-0048,sponsorship-45,2010/01/01 00:00,2010/03/01 00:00,"USD 50,000.00",0.20,http://example.org/a/b?a&b
invoice-49,IN-0001-0049,sponsorship-46,2010/01/01 00:00,2010/03/01 00:00,"USD 50,000.00",0.20,
