key,title,description,estimatedCost,acceptanceCriteria,priority,link,key:project
userstory-01,VWSjwaedAMMwpcpNdjRgBetjUKPPagSkeCULfdLQBWQqGvBXyCSxtqAmDFbMpQHnmxEBKPagWBK,rf,10,rf,MUST,https://www.youtube.com,project-01
userstory-02,VWSjwaedAMMwpcpNdjRgBetjUKPPagSkeCULfdLQBWQqGvBXyCSxtqAmDFbMpQHnmxEBKPagW,rf,20,rf,COULD,https://www.instagram.com,project-02
userstory-03,V,rf,30,rf,SHOULD,https://www.quora.com,project-03
userstory-04,VW,rf,40,rf,WONT,https://www.reddit.com,project-04
userstory-05,VWSjwaedAMMwpcpNdjRgBetjUKPPagSkeCULfdLQB,rf,40,rf,WONT,https://www.reddit.com,project-05
userstory-06,VW,rfUZyqAECCNqWTvkkWjgwNXGADiGvmjkRGSKtzvjqUhDMEQEHCKcBTVMPqBkxHFfjtftcAfZNzyQWVCHgwMJtwPzThYrHFVNpHqn,40,rf,WONT,https://www.reddit.com,project-06
userstory-07,VW,rfUZyqAECCNqWTvkkWjgwNXGADiGvmjkRGSKtzvjqUhDMEQEHCKcBTVMPqBkxHFfjtftcAfZNzyQWVCHgwMJtwPzThYrHFVN,40,rf,WONT,https://www.reddit.com,project-07
userstory-08,VW,r,40,rf,WONT,https://www.reddit.com,project-08
userstory-09,VW,rf,40,rf,WONT,https://www.reddit.com,project-09
userstory-10,VW,rfUZyqAECCNqWTvkkWjgwNXGADiGvmjkRGSKtzvjqUhDMEQEHCKcB,40,rf,WONT,https://www.reddit.com,project-10
userstory-11,VW,rf,0,rf,WONT,https://www.reddit.com,project-11
userstory-12,VW,rf,1,rf,WONT,https://www.reddit.com,project-12
userstory-13,VW,rf,2,rf,WONT,https://www.reddit.com,project-13
userstory-14,VW,rf,500000,rf,WONT,https://www.reddit.com,project-14
userstory-15,VW,rf,999999,rf,WONT,https://www.reddit.com,project-15
userstory-16,VW,rf,1000000,rf,WONT,https://www.reddit.com,project-01
userstory-17,VW,rf,2,rfUZyqAECCNqWTvkkWjgwNXGADiGvmjkRGSKtzvjqUhDMEQEHCKcBTVMPqBkxHFfjtftcAfZNzyQWVCHgwMJtwPzThYrHFVNpHqn,WONT,https://www.reddit.com,project-02
userstory-18,VW,rf,2,rfUZyqAECCNqWTvkkWjgwNXGADiGvmjkRGSKtzvjqUhDMEQEHCKcBTVMPqBkxHFfjtftcAfZNzyQWVCHgwMJtwPzThYrHFVN,WONT,https://www.reddit.com,project-03
userstory-19,VW,rf,2,rf,WONT,https://www.reddit.com,project-04
userstory-20,VW,rf,2,rf,WONT,https://www.reddit.com,project-05
userstory-21,VW,rf,2,rf,WONT,https://www.reddit.com,project-06
